Date,Actual Rainfall (mm),Predicted Rainfall (mm)
2021-01-01,3.48,1.6154537
2021-01-02,1.67,1.4899509
2021-01-03,0.45,0.48817217
2021-01-04,3.13,0.81993663
2021-01-05,0.04,1.9731565
2021-01-06,0.14,0.36196965
2021-01-07,0.36,0.90462863
2021-01-08,32.15,39.56559
2021-01-09,0.27,5.4274297
2021-01-10,0.43,0.9867463
2021-01-11,5.07,2.5671744
2021-01-12,42.47,46.95483
2021-01-13,15.53,5.5982766
2021-01-14,14.38,19.217077
2021-01-15,0.84,1.9445641
2021-01-16,1.94,3.0451732
2021-01-17,1.33,2.2903852
2021-01-18,2.26,1.9389827
2021-01-19,5.9,4.760547
2021-01-20,3.1,5.242914
2021-01-21,5.89,2.772707
2021-01-22,3.18,2.7937815
2021-01-23,2.11,0.5381141
2021-01-24,0.16,0.5217508
2021-01-25,0.69,0.118380174
2021-01-26,5.54,1.8533416
2021-01-27,25.71,10.681447
2021-01-28,27.1,14.8178215
2021-01-29,23.62,20.528584
2021-01-30,13.14,10.748018
2021-01-31,38.4,41.673542
2021-02-01,32.78,19.415112
2021-02-02,34.41,24.38212
2021-02-03,33.96,20.129677
2021-02-04,37.89,39.22017
2021-02-05,21.93,26.96709
2021-02-06,36.36,22.860912
2021-02-07,25.2,23.908699
2021-02-08,13.45,25.440775
2021-02-09,13.1,16.75863
2021-02-10,17.25,12.225646
2021-02-11,10.34,6.555593
2021-02-12,16.27,12.594952
2021-02-13,10.13,8.880346
2021-02-14,7.32,8.285607
2021-02-15,3.03,6.8625474
2021-02-16,3.55,1.409786
2021-02-17,4.41,2.2301273
2021-02-18,8.09,4.238438
2021-02-19,4.26,5.469931
2021-02-20,18.56,5.6613913
2021-02-21,10.28,6.4448967
2021-02-22,8.78,7.7385197
2021-02-23,11.26,5.0712576
2021-02-24,7.32,4.9936433
2021-02-25,5.69,6.9063787
2021-02-26,36.78,37.341606
2021-02-27,45.24,28.338497
2021-02-28,25.42,18.296215
2021-03-01,26.21,18.312996
2021-03-02,23.31,9.112171
2021-03-03,12.31,8.872784
2021-03-04,23.41,6.5494256
2021-03-05,34.47,17.85285
2021-03-06,38.06,24.04975
2021-03-07,3.13,5.776996
2021-03-08,2.65,4.6374846
2021-03-09,0.84,3.6994424
2021-03-10,1.94,2.072517
2021-03-11,6.52,3.9812527
2021-03-12,4.26,5.6822457
2021-03-13,9.56,2.58261
2021-03-14,15.68,15.355223
2021-03-15,12.89,8.783999
2021-03-16,2.42,3.202365
2021-03-17,3.45,1.571305
2021-03-18,3.34,2.416509
2021-03-19,1.47,0.99147034
2021-03-20,7.49,3.4338531
2021-03-21,27.58,13.7302475
2021-03-22,3.13,3.4434676
2021-03-23,0.32,1.5394847
2021-03-24,0.82,0.7219144
2021-03-25,4.65,2.1510217
2021-03-26,2.72,3.1307483
2021-03-27,0.87,1.5013494
2021-03-28,3.57,1.0806327
2021-03-29,0.44,1.4640238
2021-03-30,1.44,0.65595424
2021-03-31,2.76,2.778216
2021-04-01,3.76,1.2202513
2021-04-02,3.55,1.1800873
2021-04-03,3.84,0.563481
2021-04-04,3.98,0.9900701
2021-04-05,2.66,3.4020562
2021-04-06,48.08,11.795661
2021-04-07,45.46,48.624065
2021-04-08,3.97,4.025597
2021-04-09,35.13,11.118247
2021-04-10,6.07,18.168564
2021-04-11,12.34,11.72339
2021-04-12,5.17,6.214783
2021-04-13,8.59,2.7786658
2021-04-14,2.32,4.2554936
2021-04-15,2.26,3.120729
2021-04-16,0.74,0.94678986
2021-04-17,1.42,0.7397976
2021-04-18,3.51,1.8290327
2021-04-19,1.43,1.8435607
2021-04-20,2.44,1.0931544
2021-04-21,1.68,2.3138688
2021-04-22,2.78,1.4844725
2021-04-23,3.63,3.8791957
2021-04-24,8.92,3.2101598
2021-04-25,1.62,3.8508272
2021-04-26,0.97,1.6060133
2021-04-27,7.47,3.5319562
2021-04-28,10.11,9.585527
2021-04-29,0.32,1.1210289
2021-04-30,3.66,0.6992358
2021-05-01,2.93,2.7951355
2021-05-02,2.34,1.5683084
2021-05-03,2.25,0.6802341
2021-05-04,3.08,1.3086421
2021-05-05,8.82,3.6723638
2021-05-06,0.5,3.292099
2021-05-07,2.72,2.3498437
2021-05-08,2.19,3.9161906
2021-05-09,1.77,2.5678992
2021-05-10,2.49,2.3518457
2021-05-11,6.04,3.9628358
2021-05-12,5.88,4.0223904
2021-05-13,2.75,3.2555742
2021-05-14,1.37,1.6741784
2021-05-15,1.23,1.0808465
2021-05-16,0.48,1.7261038
2021-05-17,0.84,1.5371861
2021-05-18,1.7,3.3221674
2021-05-19,2.1,3.7681236
2021-05-20,4.12,4.5679593
2021-05-21,2.06,2.272648
2021-05-22,2.16,2.2784402
2021-05-23,20.42,17.413588
2021-05-24,4.12,8.765177
2021-05-25,9.54,3.1389647
2021-05-26,0.81,3.4542532
2021-05-27,0.35,1.6520028
2021-05-28,0.8,2.1238031
2021-05-29,9.13,3.067769
2021-05-30,4.91,5.9672675
2021-05-31,3.22,3.2107964
2021-06-01,0.92,2.670796
2021-06-02,2.14,1.9946151
2021-06-03,20.4,6.8311605
2021-06-04,0.31,5.4889507
2021-06-05,1.01,0.84151804
2021-06-06,1.13,0.41524443
2021-06-07,2.66,1.2701118
2021-06-08,10.19,6.9366593
2021-06-09,0.4,2.2340007
2021-06-10,0.51,0.4647192
2021-06-11,6.21,1.3758917
2021-06-12,5.12,1.954797
2021-06-13,1.75,2.1161747
2021-06-14,0.32,1.0766158
2021-06-15,0.68,0.755128
2021-06-16,0.55,0.5867375
2021-06-17,0.16,0.11770308
2021-06-18,1.5,0.40208596
2021-06-19,4.6,2.0828125
2021-06-20,0.58,1.694808
2021-06-21,0.1,0.2978599
2021-06-22,0.75,0.31515905
2021-06-23,3.58,3.491243
2021-06-24,2.05,2.9394057
2021-06-25,61.26,16.112026
2021-06-26,3.14,5.3676615
2021-06-27,1.97,1.1160629
2021-06-28,0.08,0.22100352
2021-06-29,0.49,0.036553916
2021-06-30,10.94,2.0097601
2021-07-01,13.54,5.7677813
2021-07-02,10.21,5.907425
2021-07-03,2.56,1.90962
2021-07-04,4.91,3.4529233
2021-07-05,2.04,2.6003473
2021-07-06,1.06,1.3403745
2021-07-07,16.85,1.4964135
2021-07-08,11.06,6.196034
2021-07-09,0.78,0.8081614
2021-07-10,1.58,1.1841066
2021-07-11,3.13,2.1857917
2021-07-12,1.54,1.0386603
2021-07-13,1.34,0.70282626
2021-07-14,0.23,1.1254647
2021-07-15,0.3,0.82852817
2021-07-16,0.43,1.4068811
2021-07-17,1.14,2.3550057
2021-07-18,2.42,3.6756406
2021-07-19,0.17,0.76690245
2021-07-20,0.09,0.19928703
2021-07-21,111.55,3.1007643
2021-07-22,36.57,11.691217
2021-07-23,1.78,2.711043
2021-07-24,11.26,2.832827
2021-07-25,6.51,6.0325685
2021-07-26,0.56,2.6219757
2021-07-27,3.08,0.7722348
2021-07-28,1.76,2.6605635
2021-07-29,5.33,0.8512075
2021-07-30,0.29,1.8269846
2021-07-31,3.18,1.4587536
2021-08-01,0.82,1.9050043
2021-08-02,0.45,0.6750158
2021-08-03,1.54,0.6770054
2021-08-04,1.15,0.8401251
2021-08-05,0.17,0.0
2021-08-06,0.39,0.0
2021-08-07,0.25,0.11792864
2021-08-08,2.84,1.7038419
2021-08-09,2.7,2.1434946
2021-08-10,2.53,1.6759729
2021-08-11,10.61,2.069543
2021-08-12,21.72,7.1747246
2021-08-13,6.58,3.0581856
2021-08-14,6.16,3.017344
2021-08-15,4.34,2.6264617
2021-08-16,36.58,20.48462
2021-08-17,3.34,6.7669063
2021-08-18,0.6,0.5231267
2021-08-19,5.69,0.65205264
2021-08-20,6.15,4.8721104
2021-08-21,2.6,2.2251756
2021-08-22,8.22,3.3595371
2021-08-23,1.02,4.5607276
2021-08-24,0.15,1.2984104
2021-08-25,3.29,1.1121461
2021-08-26,1.47,1.5319605
2021-08-27,1.27,1.2289591
2021-08-28,8.86,4.6341944
2021-08-29,6.63,10.282755
2021-08-30,0.95,2.9391243
2021-08-31,6.08,5.145889
2021-09-01,8.06,14.653529
2021-09-02,2.25,4.058772
2021-09-03,1.13,2.128452
2021-09-04,2.29,3.0983648
2021-09-05,2.71,4.651033
2021-09-06,1.4,4.0734196
2021-09-07,3.04,1.6300848
2021-09-08,3.59,5.427206
2021-09-09,3.1,2.6415122
2021-09-10,1.81,2.4050696
2021-09-11,0.7,2.383657
2021-09-12,0.62,0.6720083
2021-09-13,0.57,0.6264014
2021-09-14,0.39,1.7226927
2021-09-15,1.51,0.9010682
2021-09-16,5.87,3.679081
2021-09-17,3.85,7.2216444
2021-09-18,2.86,4.07072
2021-09-19,3.68,3.1182437
2021-09-20,31.58,28.830616
2021-09-21,0.47,6.4336586
2021-09-22,2.07,1.0736196
2021-09-23,2.31,3.3102002
2021-09-24,1.74,1.4898477
2021-09-25,1.48,0.987092
2021-09-26,4.52,2.6686697
2021-09-27,6.24,6.668952
2021-09-28,3.1,3.8967123
2021-09-29,1.86,2.0253823
2021-09-30,2.23,1.622325
2021-10-01,1.44,2.5043283
2021-10-02,2.48,1.6227808
2021-10-03,2.57,2.6018267
2021-10-04,3.27,3.090056
2021-10-05,6.16,4.242003
2021-10-06,1.06,2.3365982
2021-10-07,3.02,1.7528858
2021-10-08,2.1,4.159762
2021-10-09,4.14,3.4509687
2021-10-10,5.15,2.6137397
2021-10-11,0.89,3.776978
2021-10-12,0.29,1.527991
2021-10-13,1.12,0.7488984
2021-10-14,1.95,0.99877155
2021-10-15,13.96,4.0740323
2021-10-16,18.72,11.305
2021-10-17,1.51,3.4209142
2021-10-18,1.48,1.003643
2021-10-19,2.58,1.0795627
2021-10-20,3.97,2.5372486
2021-10-21,5.33,2.563906
2021-10-22,5.63,5.2694564
2021-10-23,0.06,1.0116818
2021-10-24,0.24,0.33977666
2021-10-25,3.94,1.1540811
2021-10-26,2.49,2.7427704
2021-10-27,0.67,0.6630709
2021-10-28,2.64,1.3674116
2021-10-29,1.19,5.04879
2021-10-30,0.57,1.9032965
2021-10-31,0.68,2.2919843
2021-11-01,1.18,1.0388713
2021-11-02,5.0,0.72947145
2021-11-03,13.0,8.491689
2021-11-04,9.57,6.4808044
2021-11-05,2.15,2.2555237
2021-11-06,0.78,0.71833503
2021-11-07,0.1,0.46982193
2021-11-08,0.08,0.1419186
2021-11-09,0.08,0.12828699
2021-11-10,0.23,0.49145135
2021-11-11,0.98,2.0758648
2021-11-12,6.71,3.8021436
2021-11-13,1.25,7.1063814
2021-11-14,1.49,1.2206452
2021-11-15,5.04,1.27089
2021-11-16,0.93,1.6220465
2021-11-17,3.92,0.80782056
2021-11-18,1.41,0.8618858
2021-11-19,4.55,1.3876276
2021-11-20,5.23,2.4337835
2021-11-21,1.44,1.0132194
2021-11-22,0.61,0.2714591
2021-11-23,3.57,0.7493479
2021-11-24,1.42,1.8576646
2021-11-25,5.12,0.68534327
2021-11-26,4.52,2.0803344
2021-11-27,4.68,3.0202398
2021-11-28,5.84,1.0609121
2021-11-29,11.04,5.3863754
2021-11-30,16.76,8.0941305
2021-12-01,0.89,2.8687613
2021-12-02,3.3,2.657453
2021-12-03,7.7,2.3498673
2021-12-04,0.83,3.341743
2021-12-05,34.97,1.107569
2021-12-06,20.57,15.328701
2021-12-07,16.35,13.097057
2021-12-08,22.18,6.131827
2021-12-09,27.68,12.543013
2021-12-10,8.35,4.132499
2021-12-11,11.3,7.8767004
2021-12-12,19.99,13.135471
2021-12-13,4.73,5.2519436
2021-12-14,9.78,10.719931
2021-12-15,5.09,5.04725
2021-12-16,27.16,21.103296
2021-12-17,7.72,7.6986713
2021-12-18,47.74,24.331676
2021-12-19,2.32,6.9228067
2021-12-20,0.81,1.1769955
2021-12-21,8.07,2.236295
2021-12-22,1.67,3.999518
2021-12-23,2.45,3.1924982
2021-12-24,4.88,1.5891623
2021-12-25,1.22,4.571003
2021-12-26,20.07,2.5707273
2021-12-27,8.13,7.0732727
2021-12-28,8.41,5.190862
2021-12-29,4.65,4.843508
2021-12-30,12.4,4.2644405
2021-12-31,30.11,18.791246
2022-01-01,5.82,5.16279
2022-01-02,15.75,5.812766
2022-01-03,16.99,18.480352
2022-01-04,4.28,3.2829132
2022-01-05,8.94,4.0395236
2022-01-06,15.61,7.0849724
2022-01-07,1.86,4.54242
2022-01-08,0.83,1.1568465
2022-01-09,2.85,0.46682522
2022-01-10,4.48,3.3828583
2022-01-11,17.78,6.0631533
2022-01-12,31.21,26.057787
2022-01-13,19.9,12.596745
2022-01-14,26.77,17.488728
2022-01-15,8.17,8.611897
2022-01-16,8.74,8.2708435
2022-01-17,0.85,3.4821458
2022-01-18,1.29,1.2889616
2022-01-19,1.55,3.1422062
2022-01-20,18.83,7.831663
2022-01-21,14.58,18.912664
2022-01-22,6.34,4.6033325
2022-01-23,4.73,2.8712778
2022-01-24,2.57,5.879138
2022-01-25,11.73,4.1618137
2022-01-26,12.64,8.30639
2022-01-27,25.44,13.272383
2022-01-28,17.12,19.043516
2022-01-29,30.92,27.124138
2022-01-30,16.2,7.301073
2022-01-31,32.33,13.821301
2022-02-01,5.1,2.741612
2022-02-02,10.68,5.840002
2022-02-03,41.84,21.728622
2022-02-04,19.69,18.768633
2022-02-05,4.17,5.5017595
2022-02-06,3.9,4.585437
2022-02-07,6.66,8.529024
2022-02-08,22.26,30.360443
2022-02-09,7.89,10.349709
2022-02-10,50.29,26.817518
2022-02-11,18.03,35.027607
2022-02-12,13.11,16.198397
2022-02-13,1.03,1.911031
2022-02-14,7.59,2.063604
2022-02-15,11.82,11.024106
2022-02-16,6.12,7.3369007
2022-02-17,8.14,5.449968
2022-02-18,2.27,4.7896338
2022-02-19,7.38,2.6429095
2022-02-20,2.73,5.0887475
2022-02-21,2.83,2.419262
2022-02-22,5.83,4.187028
2022-02-23,56.73,58.747936
2022-02-24,4.17,11.696236
2022-02-25,6.54,3.425757
2022-02-26,12.07,5.723452
2022-02-27,29.23,38.583286
2022-02-28,36.69,38.795513
2022-03-01,3.92,11.91642
2022-03-02,18.09,5.791648
2022-03-03,9.87,11.398606
2022-03-04,4.15,3.1525865
2022-03-05,7.08,1.3673768
2022-03-06,0.52,1.6844854
2022-03-07,0.36,0.9892975
2022-03-08,13.05,2.5347173
2022-03-09,10.05,6.942048
2022-03-10,1.25,1.1285772
2022-03-11,4.31,1.5974073
2022-03-12,6.12,2.6784613
2022-03-13,4.37,3.0423641
2022-03-14,1.54,2.9434464
2022-03-15,7.73,3.8596973
2022-03-16,10.54,7.1170626
2022-03-17,0.91,2.5238123
2022-03-18,2.26,1.0010033
2022-03-19,20.0,9.923496
2022-03-20,2.95,5.649218
2022-03-21,0.3,0.6554949
2022-03-22,0.39,0.23999493
2022-03-23,1.65,1.2270157
2022-03-24,33.63,11.686298
2022-03-25,6.27,5.8995237
2022-03-26,13.08,7.751589
2022-03-27,1.62,4.1397505
2022-03-28,30.64,6.494686
2022-03-29,6.6,6.9870424
2022-03-30,4.76,3.2222567
2022-03-31,3.61,4.0659614
2022-04-01,27.78,12.0057125
2022-04-02,37.13,17.555214
2022-04-03,3.16,5.717615
2022-04-04,27.94,6.1597624
2022-04-05,69.68,49.577724
2022-04-06,41.7,53.719814
2022-04-07,2.53,9.939436
2022-04-08,7.49,2.9203508
2022-04-09,7.66,9.60117
2022-04-10,7.35,9.292352
2022-04-11,1.85,3.9322295
2022-04-12,0.93,0.7850369
2022-04-13,0.06,0.14079939
2022-04-14,1.65,0.14305528
2022-04-15,3.16,3.8045044
2022-04-16,1.68,2.2580433
2022-04-17,8.5,3.0039582
2022-04-18,14.46,6.2281637
2022-04-19,0.4,1.3939893
2022-04-20,2.91,1.6995356
2022-04-21,2.86,4.1751876
2022-04-22,4.28,2.9895518
2022-04-23,3.54,4.651722
2022-04-24,0.16,0.9731885
2022-04-25,0.83,0.51846266
2022-04-26,0.56,1.3453102
2022-04-27,2.1,1.0152831
2022-04-28,0.96,2.012458
2022-04-29,4.44,0.9744375
2022-04-30,0.22,2.9067109
2022-05-01,8.5,1.0465543
2022-05-02,4.47,4.2852225
2022-05-03,3.76,2.4485486
2022-05-04,1.95,1.8952997
2022-05-05,1.82,1.5803342
2022-05-06,4.75,1.3729053
2022-05-07,2.44,3.60917
2022-05-08,5.34,3.8798232
2022-05-09,5.34,8.382004
2022-05-10,7.04,4.6401563
2022-05-11,12.22,18.698038
2022-05-12,16.37,10.6872835
2022-05-13,0.24,2.0515144
2022-05-14,0.14,1.2394605
2022-05-15,0.44,0.45556027
2022-05-16,0.93,1.3519065
2022-05-17,0.55,0.5665395
2022-05-18,0.16,0.4986471
2022-05-19,0.45,0.38609156
2022-05-20,0.15,0.28237718
2022-05-21,0.83,1.3590002
2022-05-22,0.2,0.68824553
2022-05-23,0.99,0.58415043
2022-05-24,0.3,0.7646042
2022-05-25,2.89,0.7386203
2022-05-26,2.99,2.2334206
2022-05-27,11.94,3.324081
2022-05-28,3.74,3.9425817
2022-05-29,0.52,0.6700802
2022-05-30,0.7,0.8908435
2022-05-31,1.44,1.1602173
2022-06-01,17.0,12.396201
2022-06-02,8.04,5.7212715
2022-06-03,2.94,0.9898511
2022-06-04,2.23,1.7527182
2022-06-05,13.64,10.016376
2022-06-06,8.56,6.258623
2022-06-07,7.32,0.40571532
2022-06-08,3.98,2.2291195
2022-06-09,6.72,1.5416265
2022-06-10,0.41,1.252902
2022-06-11,0.27,0.3890042
2022-06-12,0.28,0.14667948
2022-06-13,0.94,0.17816776
2022-06-14,2.46,1.6265655
2022-06-15,4.28,2.166033
2022-06-16,4.72,2.9275877
2022-06-17,5.6,2.4333942
2022-06-18,6.31,2.126673
2022-06-19,0.95,0.95545685
2022-06-20,1.13,0.6303456
2022-06-21,1.96,0.5437503
2022-06-22,11.16,1.7853718
2022-06-23,6.01,4.1193833
2022-06-24,5.92,2.7625191
2022-06-25,2.19,2.5762198
2022-06-26,2.17,1.319696
2022-06-27,3.62,2.571415
2022-06-28,15.9,5.7397904
2022-06-29,0.3,2.4542873
2022-06-30,1.61,1.0095501
2022-07-01,4.48,2.0718472
2022-07-02,2.53,0.46627244
2022-07-03,0.45,0.32183293
2022-07-04,1.27,0.60899985
2022-07-05,6.84,0.7467818
2022-07-06,0.76,1.9638941
2022-07-07,2.42,1.4068379
2022-07-08,4.78,1.6740198
2022-07-09,0.05,0.843959
2022-07-10,0.03,0.19933254
2022-07-11,0.61,0.15496631
2022-07-12,0.93,0.76585746
2022-07-13,0.02,0.16736753
2022-07-14,0.01,0.0
2022-07-15,0.35,0.22711745
2022-07-16,2.84,0.72418725
2022-07-17,0.43,1.5307617
2022-07-18,0.2,0.051149253
2022-07-19,0.69,0.60258925
2022-07-20,0.46,0.082657196
2022-07-21,2.02,0.65286493
2022-07-22,0.29,0.9744396
2022-07-23,0.58,0.044365536
2022-07-24,0.37,0.7305391
2022-07-25,0.46,0.50783026
2022-07-26,3.14,1.090878
2022-07-27,0.77,2.0918136
2022-07-28,2.4,0.9816147
2022-07-29,1.52,1.5843356
2022-07-30,0.43,0.4095815
2022-07-31,0.23,0.41262582
2022-08-01,0.76,1.0670195
2022-08-02,2.09,1.1646721
2022-08-03,2.11,1.2288232
2022-08-04,4.45,0.63195574
2022-08-05,1.63,1.0549362
2022-08-06,0.48,0.56619847
2022-08-07,1.37,0.61360323
2022-08-08,6.51,4.027945
2022-08-09,5.61,3.213416
2022-08-10,16.9,2.6976228
2022-08-11,8.46,3.529149
2022-08-12,14.16,3.8136482
2022-08-13,6.87,2.3127668
2022-08-14,2.46,0.8527328
2022-08-15,0.42,0.5220177
2022-08-16,1.18,0.43475863
2022-08-17,0.06,0.08198156
2022-08-18,0.48,0.3431055
2022-08-19,2.68,0.062544405
2022-08-20,12.02,5.116237
2022-08-21,14.88,2.9754508
2022-08-22,1.35,1.1412222
2022-08-23,3.02,0.508386
2022-08-24,22.33,2.5160742
2022-08-25,4.2,3.2574205
2022-08-26,4.27,0.7436609
2022-08-27,9.21,0.9803202
2022-08-28,9.2,2.5413969
2022-08-29,2.0,0.6457813
2022-08-30,7.71,1.1699398
2022-08-31,3.26,4.081986
2022-09-01,31.62,7.451207
2022-09-02,3.32,7.575095
2022-09-03,1.1,3.1210113
2022-09-04,3.26,2.0549934
2022-09-05,0.39,0.7957907
2022-09-06,0.07,0.0
2022-09-07,0.33,0.059935935
2022-09-08,0.98,0.28041527
2022-09-09,0.95,0.0
2022-09-10,4.11,0.50425124
2022-09-11,0.67,1.1649456
2022-09-12,3.58,0.05131147
2022-09-13,0.63,0.94226587
2022-09-14,0.48,0.6263374
2022-09-15,0.32,0.2526285
2022-09-16,0.03,0.34962964
2022-09-17,1.06,0.7599062
2022-09-18,22.6,5.4899416
2022-09-19,2.14,5.29766
2022-09-20,16.69,6.9102197
2022-09-21,3.4,5.9907265
2022-09-22,2.83,0.6961869
2022-09-23,1.85,0.41983092
2022-09-24,0.45,0.7142403
2022-09-25,2.39,1.4049935
2022-09-26,16.7,2.730153
2022-09-27,1.57,4.5896144
2022-09-28,0.07,0.31337807
2022-09-29,0.01,0.0
2022-09-30,0.34,0.28203848
2022-10-01,1.85,0.8929068
2022-10-02,2.63,1.7774203
2022-10-03,2.78,2.733153
2022-10-04,1.16,3.1235476
2022-10-05,0.75,0.61504054
2022-10-06,0.29,0.41941804
2022-10-07,1.46,0.88464856
2022-10-08,1.05,0.8731464
2022-10-09,0.81,0.15849882
2022-10-10,1.41,1.8187957
2022-10-11,6.36,2.1397023
2022-10-12,5.92,2.4741194
2022-10-13,10.96,3.544651
2022-10-14,0.22,2.7939272
2022-10-15,3.21,0.50785124
2022-10-16,7.55,2.0649369
2022-10-17,6.88,2.1944754
2022-10-18,2.52,1.518019
2022-10-19,1.06,0.6849041
2022-10-20,2.83,0.5012922
2022-10-21,2.31,1.9037316
2022-10-22,12.07,3.3263993
2022-10-23,9.4,6.8764243
2022-10-24,0.91,1.7589622
2022-10-25,3.46,1.3389192
2022-10-26,5.27,2.3644848
2022-10-27,1.53,2.2417784
2022-10-28,0.07,1.4013116
2022-10-29,0.5,0.91479445
2022-10-30,5.5,3.0346951
2022-10-31,3.98,2.732717
2022-11-01,11.18,0.8643726
2022-11-02,14.36,6.9652324
2022-11-03,1.02,3.1247997
2022-11-04,3.13,0.95426047
2022-11-05,2.67,1.6805909
2022-11-06,3.55,1.7604296
2022-11-07,3.26,4.740693
2022-11-08,11.38,3.8709416
2022-11-09,19.17,6.434155
2022-11-10,49.39,9.716603
2022-11-11,79.63,15.534864
2022-11-12,52.35,31.971973
2022-11-13,3.95,5.2735705
2022-11-14,3.76,2.583017
2022-11-15,0.1,1.131913
2022-11-16,0.14,0.14026977
2022-11-17,2.98,1.1327801
2022-11-18,8.68,7.783286
2022-11-19,0.35,2.682575
2022-11-20,2.43,1.2445183
2022-11-21,2.19,1.7217822
2022-11-22,0.48,0.22331445
2022-11-23,0.13,0.4750779
2022-11-24,1.61,0.9316367
2022-11-25,3.16,1.8374059
2022-11-26,4.73,1.7114406
2022-11-27,2.25,5.104209
2022-11-28,4.53,2.5220542
2022-11-29,6.07,3.6889496
2022-11-30,8.01,2.454139
2022-12-01,13.24,6.048889
2022-12-02,30.06,6.9459386
2022-12-03,42.69,23.005667
2022-12-04,9.27,6.3396044
2022-12-05,2.83,4.0178704
2022-12-06,4.31,1.9021702
2022-12-07,1.75,0.4736594
2022-12-08,2.61,0.91202927
2022-12-09,13.51,3.5710835
2022-12-10,8.22,7.458
2022-12-11,13.46,8.62353
2022-12-12,1.19,4.430166
2022-12-13,0.82,2.2749386
2022-12-14,1.3,1.7072134
2022-12-15,1.13,2.0000014
2022-12-16,1.23,1.6592433
2022-12-17,4.63,1.097074
2022-12-18,2.69,1.7228146
2022-12-19,0.12,1.1315377
2022-12-20,3.92,1.1623638
2022-12-21,2.94,6.163232
2022-12-22,9.28,4.961234
2022-12-23,8.33,3.9700584
2022-12-24,11.77,5.157848
2022-12-25,2.68,3.8635583
2022-12-26,9.22,5.7645626
2022-12-27,26.18,9.902198
2022-12-28,17.53,10.259937
2022-12-29,12.23,3.4028277
2022-12-30,0.56,2.6207654
2022-12-31,0.95,1.4621251
2023-01-01,3.85,2.218857
2023-01-02,12.68,8.853428
2023-01-03,15.27,13.059669
2023-01-04,26.6,36.28491
2023-01-05,44.18,32.213806
2023-01-06,17.9,10.067113
2023-01-07,18.88,9.433725
2023-01-08,2.35,3.1906414
2023-01-09,1.1,2.3384771
2023-01-10,4.68,2.4049423
2023-01-11,6.46,5.156862
2023-01-12,17.19,9.064728
2023-01-13,13.51,10.927971
2023-01-14,69.82,30.344372
2023-01-15,7.07,8.788981
2023-01-16,0.93,1.0111496
2023-01-17,3.09,0.9406941
2023-01-18,21.14,23.02369
2023-01-19,15.28,15.264015
2023-01-20,0.69,1.3195965
2023-01-21,1.33,0.57263005
2023-01-22,21.89,2.9672654
2023-01-23,11.89,6.4250607
2023-01-24,14.3,5.252785
2023-01-25,6.17,1.8013086
2023-01-26,8.92,6.87735
2023-01-27,2.15,3.4702382
2023-01-28,3.67,1.1639347
2023-01-29,13.27,5.593169
2023-01-30,8.88,9.641298
2023-01-31,0.72,1.5976582
2023-02-01,3.65,0.89461803
2023-02-02,3.62,3.7490616
2023-02-03,4.01,3.898127
2023-02-04,4.72,5.163459
2023-02-05,32.72,26.25729
2023-02-06,45.67,66.54163
2023-02-07,7.83,9.282671
2023-02-08,20.87,7.2212725
2023-02-09,1.6,4.3685923
2023-02-10,6.49,1.760535
2023-02-11,1.46,2.296155
2023-02-12,0.78,2.3532624
2023-02-13,0.62,1.8009379
2023-02-14,1.8,1.4210603
2023-02-15,9.47,1.7132921
2023-02-16,5.86,4.5659146
2023-02-17,8.22,7.5510063
2023-02-18,10.3,10.747811
2023-02-19,2.39,2.7736483
2023-02-20,2.84,2.2147758
2023-02-21,3.12,3.1094356
2023-02-22,7.93,7.342617
2023-02-23,12.84,13.668756
2023-02-24,5.64,7.158531
2023-02-25,8.06,6.127602
2023-02-26,1.97,3.5841713
2023-02-27,3.93,2.1269743
2023-02-28,27.07,34.4568
2023-03-01,39.82,57.880672
2023-03-02,32.01,36.04132
2023-03-03,2.71,5.6232767
2023-03-04,0.55,1.8272998
2023-03-05,1.42,0.8027215
2023-03-06,9.9,3.9087033
2023-03-07,5.35,4.7987924
2023-03-08,15.34,10.836501
2023-03-09,25.82,14.476122
2023-03-10,12.56,9.094558
2023-03-11,12.13,4.5202546
2023-03-12,3.2,4.3965726
2023-03-13,30.25,7.68538
2023-03-14,21.2,12.1267
2023-03-15,18.89,13.650305
2023-03-16,1.52,1.7680168
2023-03-17,2.07,1.4547722
2023-03-18,5.93,1.5216758
2023-03-19,5.76,3.2589064
2023-03-20,7.92,2.8876326
2023-03-21,3.97,3.5176973
2023-03-22,8.68,1.9101803
2023-03-23,3.35,2.968878
2023-03-24,14.17,2.621419
2023-03-25,5.42,3.4858818
2023-03-26,3.01,0.70760477
2023-03-27,1.62,1.0166154
2023-03-28,4.29,3.060596
2023-03-29,3.27,4.530308
2023-03-30,2.51,1.7727008
2023-03-31,2.93,1.3053565
2023-04-01,5.53,2.0791547
2023-04-02,8.12,3.782701
2023-04-03,5.53,2.3072379
2023-04-04,3.3,1.629509
2023-04-05,4.68,1.1762354
2023-04-06,2.56,3.5405703
2023-04-07,0.33,0.83074176
2023-04-08,1.44,0.8013629
2023-04-09,9.09,2.8985183
2023-04-10,4.13,6.258123
2023-04-11,16.91,8.585511
2023-04-12,3.41,3.71029
2023-04-13,7.69,1.0620472
2023-04-14,48.28,19.107952
2023-04-15,40.47,27.440876
2023-04-16,0.72,2.5470784
2023-04-17,0.1,0.22677808
2023-04-18,0.12,0.089866
2023-04-19,0.12,0.0
2023-04-20,0.17,0.013093708
2023-04-21,1.13,0.4538297
2023-04-22,2.85,0.5813259
2023-04-23,1.4,1.5202966
2023-04-24,1.08,1.08846
2023-04-25,0.75,0.78203046
2023-04-26,0.68,0.9665705
2023-04-27,1.14,2.5613475
2023-04-28,0.79,1.5123503
2023-04-29,0.28,0.45455787
2023-04-30,2.01,1.4456615
2023-05-01,9.32,3.343718
2023-05-02,3.26,9.1722
2023-05-03,1.66,3.018218
2023-05-04,0.46,1.155936
2023-05-05,0.34,0.4143719
2023-05-06,3.9,1.5214016
2023-05-07,0.68,2.309403
2023-05-08,2.46,0.79402864
2023-05-09,5.99,4.370295
2023-05-10,4.35,2.2327266
2023-05-11,2.94,2.6851532
2023-05-12,2.3,1.8245368
2023-05-13,47.17,8.859641
2023-05-14,2.16,7.959282
2023-05-15,5.62,1.8750565
2023-05-16,6.87,7.6710453
2023-05-17,11.14,4.833061
2023-05-18,18.19,3.667687
2023-05-19,15.66,13.456695
2023-05-20,5.39,10.651821
2023-05-21,2.46,2.3609853
2023-05-22,0.75,1.9845052
2023-05-23,8.03,2.0195746
2023-05-24,14.82,5.6200953
2023-05-25,5.44,4.9777207
2023-05-26,2.09,2.8506186
2023-05-27,0.2,0.478823
2023-05-28,15.02,1.1109757
2023-05-29,12.24,4.5471907
2023-05-30,19.07,7.264673
2023-05-31,6.96,2.1619272
2023-06-01,5.62,1.6276069
2023-06-02,2.43,1.5059502
2023-06-03,4.23,2.9002726
2023-06-04,6.27,3.3789768
2023-06-05,0.75,2.5735135
2023-06-06,0.19,0.64107513
2023-06-07,2.68,0.69352925
2023-06-08,15.83,8.236778
2023-06-09,1.19,3.3335805
2023-06-10,0.51,1.6058025
2023-06-11,0.14,0.94801307
2023-06-12,2.72,0.52016807
2023-06-13,1.34,2.7269342
2023-06-14,1.85,0.9836328
2023-06-15,3.86,3.209165
2023-06-16,3.01,2.636392
2023-06-17,0.43,2.9065022
2023-06-18,2.13,1.690155
2023-06-19,2.75,3.7133098
2023-06-20,0.81,3.6531487
2023-06-21,8.51,5.6267853
2023-06-22,4.21,4.842003
2023-06-23,3.0,3.1910028
2023-06-24,2.86,4.459347
2023-06-25,1.23,3.115368
2023-06-26,0.13,0.026926469
2023-06-27,0.15,0.06627092
2023-06-28,8.53,1.745064
2023-06-29,15.56,7.118435
2023-06-30,5.44,11.457604
2023-07-01,1.19,1.9744568
2023-07-02,3.4,3.2068896
2023-07-03,2.54,5.0777
2023-07-04,10.62,5.0102787
2023-07-05,16.01,13.263797
2023-07-06,5.33,5.083493
2023-07-07,3.25,2.6170118
2023-07-08,9.1,9.4118
2023-07-09,8.08,5.035348
2023-07-10,3.08,3.751727
2023-07-11,0.33,0.46602666
2023-07-12,0.27,0.16853353
2023-07-13,1.06,0.98502064
2023-07-14,6.22,3.562963
2023-07-15,6.61,11.099101
2023-07-16,5.71,4.7534976
2023-07-17,4.37,4.1906586
2023-07-18,11.2,4.25649
2023-07-19,17.1,6.7483716
2023-07-20,2.87,4.4985647
2023-07-21,1.37,1.6389136
2023-07-22,3.65,2.7531517
2023-07-23,37.56,13.268144
2023-07-24,4.58,8.040138
2023-07-25,4.7,1.9849105
2023-07-26,6.67,7.4198027
2023-07-27,9.33,9.537151
2023-07-28,18.57,7.9927845
2023-07-29,11.27,11.502427
2023-07-30,8.16,7.3890905
2023-07-31,22.29,14.198237
2023-08-01,3.07,4.3884554
2023-08-02,11.75,2.9622657
2023-08-03,17.59,12.083545
2023-08-04,4.17,7.7603025
2023-08-05,1.8,4.149998
2023-08-06,1.39,4.8682613
2023-08-07,6.66,11.75933
2023-08-08,3.18,7.3742247
2023-08-09,3.97,5.972627
2023-08-10,5.78,4.702314
2023-08-11,5.09,3.9042044
2023-08-12,0.62,3.0865932
2023-08-13,1.03,2.7645614
2023-08-14,2.69,2.5088985
2023-08-15,2.9,5.5366426
2023-08-16,3.74,2.8538704
2023-08-17,4.9,4.2754464
2023-08-18,3.27,3.6582394
2023-08-19,1.87,4.696138
2023-08-20,2.68,2.1111817
2023-08-21,4.42,3.5882306
2023-08-22,6.91,5.6187577
2023-08-23,14.16,5.2012553
2023-08-24,2.52,4.4243298
2023-08-25,2.61,5.348229
2023-08-26,5.52,6.192348
2023-08-27,14.55,13.94119
2023-08-28,1.75,4.3875055
2023-08-29,1.25,3.4179168
2023-08-30,1.93,6.407411
2023-08-31,13.96,14.896974
2023-09-01,12.99,28.320951
2023-09-02,2.23,4.159685
2023-09-03,0.64,2.0261664
2023-09-04,1.14,1.8024538
2023-09-05,1.77,4.1723156
2023-09-06,2.87,5.5256495
2023-09-07,4.77,13.252721
2023-09-08,4.96,15.250174
2023-09-09,3.75,10.6229515
2023-09-10,0.19,1.8054578
2023-09-11,0.35,0.6907456
2023-09-12,0.87,1.1396446
2023-09-13,15.33,5.166596
2023-09-14,7.02,8.481558
2023-09-15,2.29,1.4776015
2023-09-16,1.26,5.3552566
2023-09-17,1.16,3.794293
2023-09-18,2.28,5.870193
2023-09-19,3.83,9.267884
2023-09-20,3.62,10.3353405
2023-09-21,1.56,5.4897313
2023-09-22,2.46,5.0653825
2023-09-23,0.52,2.9523284
2023-09-24,0.64,1.7382371
2023-09-25,0.43,1.4766772
2023-09-26,0.3,1.4482439
2023-09-27,1.38,2.4084644
2023-09-28,21.56,24.364311
2023-09-29,5.34,10.358528
2023-09-30,4.27,6.865555
2023-10-01,0.95,4.8138647
2023-10-02,1.44,2.8458054
2023-10-03,3.48,6.4361086
2023-10-04,19.8,13.804215
2023-10-05,2.23,6.9935446
2023-10-06,2.72,3.5168152
2023-10-07,9.58,13.257024
2023-10-08,6.25,7.3002024
2023-10-09,10.64,3.1586003
2023-10-10,27.32,16.589384
2023-10-11,7.27,10.193793
2023-10-12,5.09,3.672773
2023-10-13,17.7,9.07091
2023-10-14,0.46,5.305434
2023-10-15,3.1,3.8160238
2023-10-16,9.66,4.06057
2023-10-17,8.24,5.2968273
2023-10-18,0.9,2.5073743
2023-10-19,0.38,1.9347303
2023-10-20,0.38,1.8653326
2023-10-21,13.46,3.3509097
2023-10-22,4.95,10.696957
2023-10-23,1.54,1.312896
2023-10-24,0.99,2.9592912
2023-10-25,2.36,1.2145736
2023-10-26,2.89,1.6720753
2023-10-27,18.91,5.971146
2023-10-28,8.89,6.893168
2023-10-29,14.69,6.272407
2023-10-30,2.95,4.8606505
2023-10-31,15.42,5.6860547
2023-11-01,9.29,7.640441
2023-11-02,4.24,6.5218835
2023-11-03,22.94,6.860165
2023-11-04,25.64,9.83293
2023-11-05,8.0,7.9336605
2023-11-06,6.36,5.049958
2023-11-07,11.86,7.993411
2023-11-08,11.28,7.055973
2023-11-09,19.58,14.288995
2023-11-10,70.78,39.73918
2023-11-11,77.3,58.900436
2023-11-12,25.05,26.554895
2023-11-13,6.42,8.028173
2023-11-14,2.38,6.5555353
2023-11-15,1.85,1.8793855
2023-11-16,0.4,1.9474208
2023-11-17,1.19,2.261021
2023-11-18,0.83,2.9778984
2023-11-19,1.65,3.6012087
2023-11-20,2.22,6.0716405
2023-11-21,1.15,3.0220976
2023-11-22,1.62,3.5840774
2023-11-23,0.82,4.164021
2023-11-24,1.78,3.6644115
2023-11-25,1.9,8.002851
2023-11-26,11.58,8.101505
2023-11-27,4.93,13.470547
2023-11-28,5.96,8.882858
2023-11-29,3.17,3.4297366
2023-11-30,5.97,5.810687
2023-12-01,4.32,9.441662
2023-12-02,15.96,11.38335
2023-12-03,20.79,32.68529
2023-12-04,36.89,35.319206
2023-12-05,59.84,39.98865
2023-12-06,59.53,41.565792
2023-12-07,29.75,35.956295
2023-12-08,21.54,29.921215
2023-12-09,12.7,16.249025
2023-12-10,9.41,9.696929
2023-12-11,1.19,5.827585
2023-12-12,0.15,2.348186
2023-12-13,10.67,4.783772
2023-12-14,7.58,15.960896
2023-12-15,0.1,5.4070077
2023-12-16,0.04,1.2174003
2023-12-17,0.06,1.12692
2023-12-18,0.01,0.32979107
2023-12-19,0.01,0.3894178
2023-12-20,0.02,0.20618232
2023-12-21,0.48,1.9873233
2023-12-22,0.23,1.6162622
2023-12-23,1.87,1.9058847
2023-12-24,1.26,3.6376586
2023-12-25,0.14,1.6434572
2023-12-26,0.3,1.1874585
2023-12-27,11.56,3.3580675
2023-12-28,3.01,12.645805
2023-12-29,0.86,4.632767
2023-12-30,0.29,2.4561634
2023-12-31,0.99,0.64279306
2024-01-01,1.43,2.0965
2024-01-02,1.43,2.3576174
2024-01-03,10.24,4.616971
2024-01-04,10.87,5.889132
2024-01-05,22.26,6.8580403
2024-01-06,25.75,27.161383
2024-01-07,4.29,5.9375257
2024-01-08,11.09,4.190659
2024-01-09,2.85,10.475564
2024-01-10,4.43,9.098274
2024-01-11,8.07,5.9378915
2024-01-12,6.88,6.7736015
2024-01-13,2.62,4.411014
2024-01-14,3.64,5.8461
2024-01-15,7.3,5.436966
2024-01-16,18.79,10.642265
2024-01-17,10.72,11.794233
2024-01-18,22.85,20.56483
2024-01-19,21.24,25.917377
2024-01-20,10.29,20.3952
2024-01-21,4.49,12.188625
2024-01-22,11.2,5.209652
2024-01-23,6.17,7.5312033
2024-01-24,23.78,17.2943
2024-01-25,39.29,21.421566
2024-01-26,12.13,22.582205
2024-01-27,4.59,7.1397543
2024-01-28,32.71,28.512651
2024-01-29,56.21,69.03164
2024-01-30,53.88,56.41203
2024-01-31,47.43,37.405163
2024-02-01,9.22,22.251001
2024-02-02,7.87,9.841676
2024-02-03,15.5,14.853738
2024-02-04,5.55,8.681131
2024-02-05,10.59,12.289641
2024-02-06,8.31,9.346621
2024-02-07,8.25,13.515284
2024-02-08,19.69,12.30197
2024-02-09,10.84,20.465122
2024-02-10,23.45,21.579992
2024-02-11,8.47,10.935131
2024-02-12,7.93,4.195534
2024-02-13,0.73,2.3832335
2024-02-14,1.03,1.812249
2024-02-15,0.91,2.7851944
2024-02-16,0.99,1.4891069
2024-02-17,0.98,2.8583524
2024-02-18,3.59,3.5868492
2024-02-19,4.17,5.5599933
2024-02-20,1.23,3.3209195
2024-02-21,10.77,5.404584
2024-02-22,5.49,7.401885
2024-02-23,6.69,4.3591933
2024-02-24,7.21,7.58438
2024-02-25,5.28,4.3938503
2024-02-26,8.06,5.0853806
2024-02-27,21.91,9.027201
2024-02-28,10.33,7.6396046
2024-02-29,3.7,1.2533617
2024-03-01,1.9,1.6751275
2024-03-02,2.47,4.1134872
2024-03-03,3.53,3.4188046
2024-03-04,0.4,3.9877343
2024-03-05,4.21,1.4477155
2024-03-06,11.4,4.569141
2024-03-07,16.15,10.344736
2024-03-08,7.64,6.5556455
2024-03-09,13.91,10.528889
2024-03-10,22.32,22.664047
2024-03-11,29.87,37.18132
2024-03-12,30.66,17.498688
2024-03-13,14.38,12.836104
2024-03-14,10.74,7.178132
2024-03-15,5.82,11.700162
2024-03-16,30.85,25.09988
2024-03-17,13.87,15.680235
2024-03-18,9.55,14.077106
2024-03-19,12.5,8.146788
2024-03-20,13.27,13.244792
2024-03-21,9.61,6.677131
2024-03-22,3.68,3.3284473
2024-03-23,0.75,1.9790053
2024-03-24,0.28,1.4321535
2024-03-25,2.26,1.7336426
2024-03-26,6.48,5.243462
2024-03-27,2.76,4.3467054
2024-03-28,3.05,3.6302023
2024-03-29,16.67,9.088488
2024-03-30,5.98,12.640288
2024-03-31,33.13,17.912434
2024-04-01,14.54,18.382128
2024-04-02,6.48,1.4180849
2024-04-03,4.59,6.6439543
2024-04-04,1.22,3.3613548
2024-04-05,3.77,3.1067214
2024-04-06,61.75,15.407469
2024-04-07,20.86,12.914056
2024-04-08,3.97,1.9854684
2024-04-09,0.64,1.4967632
2024-04-10,0.85,0.79227436
2024-04-11,1.21,1.8338044
2024-04-12,8.1,1.9691651
2024-04-13,0.15,2.647594
2024-04-14,3.6,1.6867235
2024-04-15,11.96,6.476575
2024-04-16,18.13,13.387574
2024-04-17,6.65,5.7797837
2024-04-18,2.79,1.8066349
2024-04-19,0.86,1.825109
2024-04-20,0.77,0.5616715
2024-04-21,1.72,1.1781166
2024-04-22,0.54,1.417815
2024-04-23,0.34,0.5115763
2024-04-24,0.86,1.1475413
2024-04-25,1.58,1.6168413
2024-04-26,19.15,8.6922035
2024-04-27,8.84,10.703676
2024-04-28,7.8,3.918923
2024-04-29,1.74,2.3093991
2024-04-30,0.97,2.89741
2024-05-01,8.77,4.5820684
2024-05-02,4.76,9.539647
2024-05-03,6.03,2.7249813
2024-05-04,29.01,27.487886
2024-05-05,5.55,6.403412
2024-05-06,1.7,2.4237142
2024-05-07,2.83,5.964961
2024-05-08,30.4,39.190704
2024-05-09,3.15,14.068439
2024-05-10,2.5,6.936816
2024-05-11,0.8,2.2475924
2024-05-12,0.7,1.6731749
2024-05-13,8.35,2.400029
2024-05-14,41.09,5.1214166
2024-05-15,5.83,8.693342
2024-05-16,12.77,6.0769844
2024-05-17,13.26,18.08833
2024-05-18,4.75,7.4714346
2024-05-19,13.63,12.600991
2024-05-20,8.31,9.710184
2024-05-21,2.05,5.172634
2024-05-22,6.67,3.5693064
2024-05-23,1.97,5.2994914
2024-05-24,2.84,2.849915
2024-05-25,2.76,3.040935
2024-05-26,1.58,4.099967
2024-05-27,8.98,2.84324
2024-05-28,6.1,10.496
2024-05-29,8.25,7.3035116
2024-05-30,14.94,9.761246
2024-05-31,1.99,5.672723
2024-06-01,2.81,2.242494
2024-06-02,5.93,2.8137698
2024-06-03,1.85,1.1921799
2024-06-04,1.12,1.9234939
2024-06-05,3.9,1.6483746
2024-06-06,2.27,3.0927076
2024-06-07,0.47,1.4442625
2024-06-08,7.07,3.0549293
2024-06-09,1.16,7.382843
2024-06-10,8.42,3.0081806
2024-06-11,2.18,5.008211
2024-06-12,1.0,2.3761954
2024-06-13,2.6,2.2917418
2024-06-14,2.24,3.9934201
2024-06-15,2.95,3.370573
2024-06-16,2.49,2.6387424
2024-06-17,3.33,3.4198017
2024-06-18,1.75,3.7518063
2024-06-19,1.17,2.4307668
2024-06-20,12.66,8.612242
2024-06-21,6.59,6.9683743
2024-06-22,5.02,5.5199604
2024-06-23,20.41,17.39407
2024-06-24,0.72,4.618432
2024-06-25,4.57,2.6076436
2024-06-26,1.86,4.8433533
2024-06-27,0.08,1.7734535
2024-06-28,0.84,0.6326606
2024-06-29,3.45,4.6126146
2024-06-30,14.0,17.874685
2024-07-01,5.61,6.4698863
2024-07-02,0.78,1.8716908
2024-07-03,0.63,1.498847
2024-07-04,1.17,1.9827638
2024-07-05,0.11,0.5861051
2024-07-06,2.19,1.5406368
2024-07-07,4.75,4.2640443
2024-07-08,4.49,4.059999
2024-07-09,5.67,3.713541
2024-07-10,7.23,3.3469267
2024-07-11,4.72,4.239467
2024-07-12,3.26,1.7262425
2024-07-13,6.71,2.3451316
2024-07-14,3.79,1.974587
2024-07-15,3.85,1.5662284
2024-07-16,3.33,1.6721644
2024-07-17,34.44,4.721608
2024-07-18,1.78,8.693816
2024-07-19,6.1,5.192544
2024-07-20,2.42,5.2171226
2024-07-21,0.53,2.8870738
2024-07-22,0.34,0.7929877
2024-07-23,5.28,2.286523
2024-07-24,2.68,5.8288207
2024-07-25,3.58,3.0373187
2024-07-26,1.86,3.267116
2024-07-27,2.26,3.3206425
2024-07-28,6.87,3.7095199
2024-07-29,2.81,4.0563226
2024-07-30,0.7,0.9194195
2024-07-31,1.9,1.6321781
2024-08-01,7.42,2.785537
2024-08-02,2.59,4.9264803
2024-08-03,2.53,3.51378
2024-08-04,14.65,6.2978544
2024-08-05,13.29,18.491562
2024-08-06,3.93,4.622662
2024-08-07,13.04,2.5864494
2024-08-08,20.93,11.528799
2024-08-09,16.41,10.466079
2024-08-10,4.5,1.1506567
2024-08-11,13.53,2.951279
2024-08-12,24.8,16.301186
2024-08-13,4.99,2.3540182
2024-08-14,5.91,5.6313214
2024-08-15,6.88,2.7202005
2024-08-16,2.83,2.364867
2024-08-17,0.6,2.1911917
2024-08-18,3.46,2.2818484
2024-08-19,11.2,8.114087
2024-08-20,8.91,6.1088614
2024-08-21,7.91,5.5215
2024-08-22,6.7,5.14289
2024-08-23,2.22,3.2518625
2024-08-24,0.59,1.5626862
2024-08-25,0.57,1.4797752
2024-08-26,0.64,0.9309788
2024-08-27,0.9,3.848094
2024-08-28,1.8,1.3951774
2024-08-29,0.8,2.5739412
2024-08-30,0.45,0.8238305
2024-08-31,1.06,3.2789078
2024-09-01,2.47,4.4608207
2024-09-02,1.69,5.942259
2024-09-03,0.79,1.4749897
2024-09-04,22.46,5.305715
2024-09-05,9.0,6.420366
2024-09-06,1.26,0.9236312
2024-09-07,0.33,0.41796404
2024-09-08,0.06,0.2672609
2024-09-09,0.72,0.7510655
2024-09-10,1.35,1.9357035
2024-09-11,0.69,4.346769
2024-09-12,1.02,2.158656
2024-09-13,1.2,3.3700833
2024-09-14,9.26,6.737192
2024-09-15,5.66,6.3565803
2024-09-16,0.94,1.1874723
2024-09-17,1.0,1.3360007
2024-09-18,0.92,1.3966441
2024-09-19,0.17,1.0809484
2024-09-20,0.52,1.1428297
2024-09-21,1.69,3.7607503
2024-09-22,0.36,2.6964493
2024-09-23,3.61,3.7597466
2024-09-24,4.38,2.4223888
2024-09-25,3.13,2.224823
2024-09-26,2.97,2.511454
2024-09-27,2.73,3.4673357
2024-09-28,0.49,2.6121216
2024-09-29,3.33,1.6829207
2024-09-30,1.94,5.4798427
2024-10-01,1.16,2.775926
2024-10-02,1.66,1.3233993
2024-10-03,1.38,2.7287495
2024-10-04,2.53,3.0449834
2024-10-05,3.27,2.8197012
2024-10-06,1.36,3.9044085
2024-10-07,8.8,7.3697157
2024-10-08,2.63,8.385129
2024-10-09,0.74,3.7897797
2024-10-10,4.15,3.0048847
2024-10-11,6.34,5.3676124
2024-10-12,3.26,3.1982288
2024-10-13,0.49,1.5957222
2024-10-14,0.74,1.305722
2024-10-15,1.82,3.0360875
2024-10-16,10.94,5.7267437
2024-10-17,14.79,8.306154
2024-10-18,4.62,3.854535
2024-10-19,2.04,3.0449548
2024-10-20,5.65,2.337724
2024-10-21,7.99,8.013203
2024-10-22,18.69,14.531694
2024-10-23,0.58,3.6703944
2024-10-24,1.72,1.2079234
2024-10-25,1.36,4.3062263
2024-10-26,6.34,1.6427457
2024-10-27,13.03,10.070213
2024-10-28,1.92,3.649208
2024-10-29,6.81,1.6865284
2024-10-30,4.1,2.275182
2024-10-31,11.75,2.5162241
2024-11-01,13.19,6.815938
2024-11-02,5.21,3.0251098
2024-11-03,2.69,1.5270352
2024-11-04,1.15,3.2803583
2024-11-05,5.23,2.088015
2024-11-06,2.27,4.082397
2024-11-07,2.8,3.608296
2024-11-08,4.31,4.931088
2024-11-09,4.14,4.2702847
2024-11-10,2.26,3.2426782
2024-11-11,1.31,4.039922
2024-11-12,4.71,3.3763566
2024-11-13,7.49,12.328137
2024-11-14,9.43,2.56193
2024-11-15,1.27,1.2879844
2024-11-16,2.31,1.4360492
2024-11-17,0.22,0.6548501
2024-11-18,1.44,0.35820258
2024-11-19,0.85,1.8130171
2024-11-20,10.87,4.1265807
2024-11-21,7.0,5.252814
2024-11-22,5.43,3.717391
2024-11-23,1.31,1.696177
2024-11-24,0.23,1.4261711
2024-11-25,0.67,1.6892548
2024-11-26,2.31,3.194889
2024-11-27,13.07,4.417076
2024-11-28,0.85,6.571491
2024-11-29,0.19,2.1572983
2024-11-30,2.1,1.9126403
2024-12-01,0.73,2.044963
2024-12-02,3.87,2.0462143
2024-12-03,2.43,6.540717
2024-12-04,0.57,1.42857
2024-12-05,1.31,2.6546175
2024-12-06,1.08,2.3661854
2024-12-07,1.12,2.1009855
2024-12-08,1.34,2.336919
2024-12-09,6.29,2.337352
2024-12-10,1.24,2.8502574
2024-12-11,0.97,1.1104827
2024-12-12,0.81,0.62580216
2024-12-13,0.21,0.68519974
2024-12-14,1.58,1.1125162
2024-12-15,2.44,2.0538893
2024-12-16,3.56,3.3834858
2024-12-17,15.41,4.420727
2024-12-18,19.0,5.524115
2024-12-19,8.83,3.939446
2024-12-20,2.34,1.3379228
2024-12-21,29.43,5.77849
2024-12-22,1.6,11.370597
2024-12-23,1.72,3.0086226
2024-12-24,3.19,1.7820771
2024-12-25,20.78,11.014394
2024-12-26,21.25,14.200333
2024-12-27,8.42,3.1976438
2024-12-28,29.84,6.625473
2024-12-29,52.87,23.972776
2024-12-30,1.82,3.4947286
2024-12-31,2.51,1.2086747
2025-01-01,7.05,2.6600015
2025-01-02,46.88,27.551565
2025-01-03,1.39,4.410271
2025-01-04,0.54,1.8938458
2025-01-05,11.7,2.676656
2025-01-06,15.92,7.6873636
2025-01-07,2.04,4.2470837
2025-01-08,3.95,3.7075424
2025-01-09,7.26,4.9419
2025-01-10,6.16,12.552545
2025-01-11,1.35,3.1075935
2025-01-12,1.39,1.9129281
2025-01-13,1.72,1.644609
2025-01-14,4.01,2.5332618
2025-01-15,0.88,0.91142523
2025-01-16,9.68,2.2926075
2025-01-17,14.42,8.573714
2025-01-18,2.29,6.345397
2025-01-19,7.03,4.226459
2025-01-20,2.75,5.585308
2025-01-21,7.2,5.6243844
2025-01-22,4.69,6.162513
2025-01-23,7.31,7.327159
2025-01-24,3.65,6.8330874
2025-01-25,6.93,3.5625868
2025-01-26,7.37,4.690704
2025-01-27,4.8,4.9145894
2025-01-28,7.36,5.802454
2025-01-29,49.77,33.3318
2025-01-30,13.47,24.19057
2025-01-31,14.27,8.190407
2025-02-01,28.34,13.008672
2025-02-02,15.85,11.439548
2025-02-03,22.95,13.49817
2025-02-04,6.23,4.027708
2025-02-05,11.14,1.5947835
2025-02-06,1.49,8.367146
2025-02-07,3.3,1.7847707
2025-02-08,12.79,6.9852796
2025-02-09,5.41,8.07241
2025-02-10,14.31,1.0012951
2025-02-11,1.2,3.6938958
2025-02-12,2.18,2.9181468
2025-02-13,5.55,3.4129424
2025-02-14,9.5,5.6900177
2025-02-15,6.99,7.7887325
2025-02-16,3.34,6.7172914
2025-02-17,3.24,3.5151134
2025-02-18,14.91,8.467415
2025-02-19,52.55,59.389072
2025-02-20,12.72,7.6661263
2025-02-21,8.13,8.638973
2025-02-22,6.04,3.4066787
2025-02-23,25.11,6.9814687
2025-02-24,21.39,10.095929
2025-02-25,21.59,10.932209
2025-02-26,31.01,34.705772
2025-02-27,31.09,27.085226
2025-02-28,6.7,16.15652
2025-03-01,4.11,6.369876
2025-03-02,2.34,2.5081847
2025-03-03,59.59,18.927961
2025-03-04,6.53,13.942829
2025-03-05,7.75,5.2317286
2025-03-06,23.11,13.872859
2025-03-07,12.6,5.8833637
2025-03-08,6.91,3.2044277
2025-03-09,2.16,1.2567439
2025-03-10,6.44,3.0473037
2025-03-11,6.32,4.3201823
2025-03-12,1.75,1.9185207
2025-03-13,1.24,1.2553303
2025-03-14,8.33,2.1992118
2025-03-15,2.05,2.4706733
2025-03-16,3.72,2.6791856
2025-03-17,2.37,2.2663145
2025-03-18,15.92,7.6280527
2025-03-19,6.41,3.6825075
2025-03-20,4.82,4.022525
2025-03-21,16.75,3.1260424
2025-03-22,6.76,4.932618
2025-03-23,20.42,7.625613
2025-03-24,1.75,4.1802716
2025-03-25,5.06,2.463117
2025-03-26,7.16,3.9297962
2025-03-27,11.9,3.8164968
2025-03-28,6.15,3.4080744
2025-03-29,4.92,2.4267917
2025-03-30,2.65,1.1590014
2025-03-31,0.49,0.529384
2025-04-01,0.14,0.08933447
2025-04-02,0.11,0.31440052
2025-04-03,0.55,0.3684329
2025-04-04,2.04,1.2810266
2025-04-05,3.07,0.88280773
2025-04-06,17.98,4.3987966
2025-04-07,9.93,6.5658607
2025-04-08,0.43,0.9891015
2025-04-09,2.31,0.69123495
2025-04-10,2.43,5.08063
2025-04-11,1.89,0.9598893
2025-04-12,6.49,2.5487726
2025-04-13,6.27,4.3211064
2025-04-14,16.19,8.306745
2025-04-15,27.65,11.861782
2025-04-16,85.94,53.412167
2025-04-17,20.72,25.661417
2025-04-18,10.25,5.3266425
2025-04-19,9.76,12.189607
2025-04-20,7.86,3.7849917
2025-04-21,3.44,5.129564
2025-04-22,5.19,4.667239
2025-04-23,11.46,12.553818
2025-04-24,6.66,7.6192446
2025-04-25,1.72,3.0363731
2025-04-26,3.73,3.1274152
2025-04-27,3.15,4.5712423
2025-04-28,3.43,3.1827168
2025-04-29,3.66,3.8293586
2025-04-30,4.09,4.7419367
2025-05-01,1.04,3.2130241
2025-05-02,0.61,1.1299284
2025-05-03,2.76,4.5365114
2025-05-04,7.66,5.5570965
2025-05-05,1.54,4.6913724
2025-05-06,17.41,8.710439
2025-05-07,24.71,22.179718
2025-05-08,17.36,17.21667
2025-05-09,1.55,2.218967
2025-05-10,16.36,9.140939
2025-05-11,22.41,8.249487
2025-05-12,19.19,4.2617173
2025-05-13,39.52,17.953321
2025-05-14,33.88,16.439943
2025-05-15,34.43,16.502005
2025-05-16,2.68,10.397349
2025-05-17,1.66,5.0416365
2025-05-18,5.87,9.4922905
2025-05-19,6.86,12.328429
2025-05-20,0.92,7.784746
2025-05-21,1.72,4.893404
2025-05-22,16.77,6.402948
2025-05-23,28.3,14.354464
2025-05-24,8.01,3.4562488
2025-05-25,4.21,8.209539
2025-05-26,4.11,4.800391
2025-05-27,3.2,4.1476
2025-05-28,1.87,4.070999
2025-05-29,6.97,2.84717
2025-05-30,1.72,3.5825596
2025-05-31,5.35,6.7544484
2025-06-01,14.24,9.892366
2025-06-02,6.34,9.546728
2025-06-03,0.48,1.7576396
2025-06-04,0.49,0.77821004
2025-06-05,4.23,1.4217699
2025-06-06,3.91,3.0111494
2025-06-07,1.02,1.5887365
2025-06-08,30.92,7.933405
2025-06-09,15.78,14.981414
2025-06-10,10.78,3.229446
2025-06-11,0.75,1.6013916
2025-06-12,0.72,0.7608781
2025-06-13,6.2,2.6391401
2025-06-14,2.72,6.18624
2025-06-15,2.0,2.833507
2025-06-16,0.13,0.9974047
2025-06-17,0.33,0.60551524
2025-06-18,0.09,0.405334
2025-06-19,3.74,0.80648947
2025-06-20,5.22,4.371889
2025-06-21,5.59,10.1938095
2025-06-22,8.67,4.982755
2025-06-23,6.39,4.6211596
2025-06-24,13.0,4.6266274
2025-06-25,20.98,35.307724
2025-06-26,3.81,3.7474022
2025-06-27,0.09,0.9402945
2025-06-28,2.28,0.57292056
2025-06-29,1.92,1.935787
2025-06-30,11.22,4.5288086
2025-07-01,14.33,20.278965
2025-07-02,11.5,4.4514666
2025-07-03,2.78,1.9515295
2025-07-04,21.64,11.044506
2025-07-05,8.4,13.266959
2025-07-06,4.13,3.0781689
2025-07-07,8.81,4.665491
2025-07-08,10.83,4.9920797
2025-07-09,4.92,3.165616
2025-07-10,4.2,4.083334
2025-07-11,3.91,5.322533
2025-07-12,3.35,4.533325
2025-07-13,2.91,2.5603604
2025-07-14,5.76,3.1530628
2025-07-15,24.41,18.202362
2025-07-16,2.89,6.366016
2025-07-17,1.18,3.2641177
2025-07-18,0.49,1.1861305
2025-07-19,0.66,1.0925148
2025-07-20,0.12,1.543174
2025-07-21,3.11,1.1634188
2025-07-22,1.47,4.4135246
2025-07-23,0.52,1.7514822
2025-07-24,0.78,0.80743706
2025-07-25,0.38,2.1115615
2025-07-26,0.78,1.4581878
2025-07-27,2.08,2.9325426
2025-07-28,1.04,2.2723675
2025-07-29,0.3,1.1999483
2025-07-30,0.17,1.3001623
2025-07-31,0.15,0.14735678
2025-08-01,0.27,0.4358891
2025-08-02,2.02,2.1475048
2025-08-03,2.99,5.174472
2025-08-04,1.37,3.771535
2025-08-05,0.55,1.4643183
2025-08-06,0.89,1.8047466
2025-08-07,2.34,6.1569514
2025-08-08,1.89,4.07276
2025-08-09,41.74,10.85552
2025-08-10,2.48,12.949247
2025-08-11,0.75,0.93914974
2025-08-12,1.23,1.224102
2025-08-13,1.98,2.2321322
2025-08-14,5.7,1.6498196
2025-08-15,1.58,2.9066386
2025-08-16,4.44,6.674673
2025-08-17,5.5,6.02202
2025-08-18,1.2,1.8910134
2025-08-19,0.41,0.65001094
2025-08-20,2.52,1.3544264
2025-08-21,7.58,2.3347042
2025-08-22,21.21,13.591313
2025-08-23,12.22,4.442781
2025-08-24,3.44,2.009699
2025-08-25,5.97,2.9220243
2025-08-26,1.86,3.2582383
2025-08-27,1.2,0.8785329
2025-08-28,0.91,0.83263206
2025-08-29,1.23,1.9559205
2025-08-30,0.65,1.2060325
2025-08-31,0.8,1.0102887
2025-09-01,0.54,0.95453155
2025-09-02,1.6,0.5242443
2025-09-03,2.5,2.5325623
2025-09-04,3.12,4.2323112
2025-09-05,6.35,4.0816927
2025-09-06,1.04,2.1438231
2025-09-07,1.25,1.702858
2025-09-08,3.78,2.5044053
2025-09-09,3.14,6.707928
2025-09-10,0.82,2.5776756
2025-09-11,0.69,2.0884175
2025-09-12,4.34,1.9881859
2025-09-13,5.7,4.5601854
2025-09-14,9.48,2.9448326
2025-09-15,2.9,1.7646673
2025-09-16,11.49,2.592384
2025-09-17,8.46,7.539983
2025-09-18,3.67,2.2900782
2025-09-19,0.32,1.4963708
2025-09-20,0.85,0.96619654
2025-09-21,6.01,2.4457
2025-09-22,17.79,8.383473
2025-09-23,1.92,2.7804036
2025-09-24,0.78,0.6095995
2025-09-25,1.34,0.90605414
2025-09-26,1.03,1.1268685
2025-09-27,0.82,1.1508365
2025-09-28,6.85,2.177481
2025-09-29,10.86,5.0915318
2025-09-30,1.9,1.216788
2025-10-01,0.81,0.99331284
2025-10-02,0.05,0.262721
2025-10-03,0.85,0.36541063
2025-10-04,19.8,8.856048
2025-10-05,5.54,5.707247
2025-10-06,0.92,0.98455286
2025-10-07,0.33,0.5205066
2025-10-08,0.44,0.24278252
2025-10-09,1.76,1.7761528
2025-10-10,9.99,6.0640135
2025-10-11,5.47,5.3274655
2025-10-12,6.39,2.6057432
2025-10-13,14.72,6.4300084
2025-10-14,3.53,3.7343807
2025-10-15,4.21,1.4581952
2025-10-16,3.38,1.6295853
2025-10-17,4.11,3.071189
2025-10-18,2.86,2.4036894
2025-10-19,1.01,2.3381665
2025-10-20,5.97,0.77684116
2025-10-21,10.89,5.3305764
2025-10-22,8.86,7.1610622
2025-10-23,1.58,3.00239
2025-10-24,0.2,1.5670979
2025-10-25,0.13,0.44428635
2025-10-26,1.82,1.2634847
2025-10-27,0.88,2.361365
2025-10-28,8.15,0.72601557
2025-10-29,2.06,7.0673847
2025-10-30,1.48,2.762626
2025-10-31,1.42,1.6686196
2025-11-01,0.22,1.7446234
2025-11-02,0.74,0.6252568
2025-11-03,0.62,0.72232103
2025-11-04,1.18,2.1362162
2025-11-05,1.28,1.2385838
2025-11-06,0.33,1.0944085
2025-11-07,10.91,1.717808
2025-11-08,14.94,11.536066
2025-11-09,4.4,2.1910198
2025-11-10,0.11,2.093363
2025-11-11,1.39,1.4427798
2025-11-12,3.98,5.6027846
2025-11-13,23.57,7.237261
2025-11-14,1.91,7.465873
2025-11-15,0.88,2.647678
2025-11-16,6.29,1.6159372
2025-11-17,6.97,9.509776
2025-11-18,9.93,7.900811
2025-11-19,2.1,5.1957593
2025-11-20,5.4,3.4651532
2025-11-21,7.34,3.3927498
2025-11-22,15.58,5.6930737
2025-11-23,10.69,10.011536
2025-11-24,3.89,3.5193176
2025-11-25,3.35,1.799653
2025-11-26,0.21,0.9452083
2025-11-27,0.02,0.013817278
2025-11-28,0.26,0.0
2025-11-29,0.67,0.74306417
2025-11-30,1.8,1.134367
2025-12-01,6.84,3.6876283
2025-12-02,11.61,7.5206976
2025-12-03,5.08,5.077974
2025-12-04,1.61,3.7734318
2025-12-05,190.6,4.329027
2025-12-06,91.63,8.538739
2025-12-07,1.55,2.9847379
2025-12-08,7.35,5.694973
2025-12-09,15.16,8.193448
2025-12-10,32.11,7.290038
2025-12-11,6.82,3.5923047
2025-12-12,3.16,1.3832855
2025-12-13,7.38,4.7624826
2025-12-14,0.21,2.245054
2025-12-15,2.48,0.47769815
2025-12-16,8.26,6.3065333
2025-12-17,3.82,3.2095475
2025-12-18,5.75,7.5267353
2025-12-19,1.7,6.393365
2025-12-20,13.29,7.0254765
2025-12-21,24.74,8.620436
2025-12-22,3.91,1.3534391
2025-12-23,1.87,2.501713
2025-12-24,8.92,7.3676434
2025-12-25,9.76,6.348308
2025-12-26,4.11,2.3185513
2025-12-27,0.21,0.7459991
2025-12-28,0.28,0.83336735
2025-12-29,1.07,0.89077485
2025-12-30,1.93,2.8852544
2025-12-31,0.51,2.534161
